id,label
32403023,Martytude
97117599,deBeauxOs1
62815928,lcwiring
2485695,WithoutViolence
73608862,Isalmanist
58982660,NayantharaTweet
22821148,CrimeJusticeQUT
14450194,DreamzDrem
13344908,SusanFaria5
10302670,NAmericandos
52736833,ToReadIsLife
18145022,deduped_economi
16415500,YogeshHyderaba1
14757840,VAWNoMore
74731215,DeplrbleRzistr
67882408,MetooFund
45113309,MrErnestOwens
47495235,julieburtonwmc
92244205,AdichuVudu
49778774,brie14434
98056858,sk8er_bae
19332856,TheRaDR
94785698,slh2813
29770990,Shuchi5
72173705,FemCondition
97382002,The_Kings777
3473868,RAMRANTS
67369709,BrownPhDGirl
97535003,angelicaxxnoel
54476293,nightnurse38
58993079,JessieJaneDuff
31605161,ashoknk12
46384640,divebarstar
97764777,TheTruthIsInTh2
58514210,pankajcgupta
78464612,capwell2049
84413043,remetoo_2018
51824266,budhdhadev45
88393877,brook30white
50290848,ajplus
51799859,AdvaitaKala
98789145,PatrioticCindy
75376461,MReadwrite
98535918,coffeeholic622
15697392,Juliett71326822
16059078,zalutsky
62340911,TangoFlyG7
66490034,Rabbi224
2895768,sudeshsudhi
68705941,ChaseMonkeyFace
45755244,SalenaZito
38512504,artwhoring
58091250,Unaamyhere
60544073,MohrMiles1
94872636,FDS_NaturallyMe
5917908,puspanes_m
43398858,generoenaccion
27230170,elduboisauthor
36610783,TheMikelCrump
87897387,WEPrinciples
57982267,ChatByCC
51892533,FriendsofUNFPA
94227634,HAPhillips71
66043618,MediaShrink
75419180,nnesabourin
9494783,mobygrapefan
2947226,dollyllamaX
62764753,braddocklawapc
84582359,deppheadgang
29026558,JillGeisler
56160664,farrellERA
8723858,CaliRN619
39077097,lightermachis
39467755,JAMESGRANTPR
37442555,Cookiebuu1963
28601116,WomenPromo
79307189,judehaste_write
79030979,showgrinsgirl
58910349,tgweeded
50706906,SBRCelebrityArt
74234169,truthhurts06
74206737,abs5
7394851,CAREActionNow
74023914,fightertiger99
36954083,ExSydney
56849453,htshowbiz
85071614,NSPGrumpGirl
64482751,CeliaSillars
75810993,lindsaykatt
61416500,AlwaysStrong777
62330316,KurokonekoKamen
19986521,xande18000
77026967,fight44justice
59105408,DrDonCKeanDMD
90208268,Pickles0201
64288605,bsidesbadlands
87821020,LucRiesbeck
47428699,Mynx1986
81652016,AmericaFerrera
87223292,JackPolakoff
88403444,JarettSays
96922398,TweetingYarnie
72943648,MeTooSTEM
90856652,skieskie1108
33803587,SriRudyBABA
52067765,JamieGlazov
17428141,feministesbcn
95391479,ViriMZ
20074152,Mishthi4u
57701076,DixitGhanshyam
37057299,nayan_aksh
29535476,shardi596
22944757,_ajh94
1048150,Hellqvisttri
67239693,ClaudiaStellar
70727995,suhas_sawant85
22232290,Gerry_Dorsey_
916142,pfanderson
26760606,MiamiUNAUSA
56333153,AlbumConfession
13524142,LatinaFounders
93125806,emlaughsallot88
56751332,ThePerezHilton
15294200,CarthensKelly
12610119,cristaldepp
2497140,NHtex
67439129,PrimeCreator2
49261032,RituG15
5967920,GodfreyLeo1
8544497,VashtiQV
86212210,CAFFREY1_USA
85933157,AravindAdhiti
64622710,womensmarch
3662210,ChrisWill1337
22145618,ashpatel2010
96156664,boehmerB
55012119,__CAFFREY__USA
71884974,TimRunsHisMouth
79425270,MonicaDellaCro1
21042386,TBlackwe85
28130379,DustOffVietnam
46792983,Flo4Sho14
62949240,_reANDREW_
83860362,OliveSeidler
10721637,JimEckmage
69825136,GrantProLoHud
10231657,Ravi_Suriya7
10301035,sapphicgeek
48520858,AP
19678318,Aemar_
52281426,ALNortonauthor
88056790,VVSSUnidos
9307726,yangpa0426
2891435,K810Mt
52029423,barbs73
11829676,shine2bright4u
22532838,ECMcLaughlin
4063018,ivanamassetti
42957428,JuliaCastanier
8573084,KevinCChang
93156967,VarshaBhargavi
36309169,HarryHarryshud
11424893,Annemiikika1945
75962025,dipankarjoshi2
34982076,prpeep
39161448,chuckwarbird764
46484604,kunaicisive
86401805,SarathRKumar18
87945456,Anonbinary
67652246,elinadima14
74995251,Actor_Siddharth
1721234,trumpanzeetamer
17092064,NYCer99
75120131,ManpowerGroup
17529650,InderBirKaur60
34975451,TriciaWelch1970
55316334,StarrEchelon
50148388,GoodeAmbrose
43669689,aswinsub143
44707246,spacebunny70
7722881,MariamMartinezB
52465314,eugenegu
71322781,YOLOinsights
81457089,kvcaligirl
49755230,misspenart
22512723,Alexandria_SZ
24047487,nymphishkelly
91767744,die8521
42865761,NCJWCEO
27650073,CNBC
15949490,UNLEASHgroup
45384371,cohen_HR_Law
76145372,gothgirlmisfit
39129920,MightyBusterBro
88825505,HEfraimsen
65470187,NatalieSincla17
33896133,kellyrosegreen
12998737,PatiBechara
6501636,teashopsorcerer
49915052,themadrasponnu
18525157,Variety
80094868,CarmineSabia
68448104,PasionariaIT
13567631,mmmbluey2
45478497,laurenbenet
25637210,SebastianHertel
72319602,itspryse
85677907,ParthKu28613568
48705901,BrianSimsPA
15171842,KimberLofgren
26992593,wmarybeard
13238725,FlsaToday
93604152,conccentric
33479607,Lynne_Jean
228350,iantoackles
33875028,KarenMonahan01
8529510,brennabyrd
48849025,iMrPocketRocket
75412284,matange2
80884613,tictoc
62062332,catvalente
56220033,Vaibhav_AAP
31946017,LakshmyRamki
98177321,lucyfrown
27827896,IndiaLynnehenry
55476069,WalkingImpress
77413620,ramyie2013
72793502,ItsaLearning
62708925,V4N3SS4CH1B1
51503574,kassy
67113393,LetaHong
35546259,MsMagazine
41383682,ETNOWlive
97323196,ashtapaha13
44005017,DivyaKandukuri_
74843700,aliamjadrizvi
70168501,CaNettoyant
29922146,blackbeard1010
50169586,Teressa_Raiford
46515781,TruthJUSTICLove
99200873,Elisahe50385624
99004711,dijoni
2565588,Maamitalks
64060555,pinnacleofTRUTH
67337099,LoriBlaney
7298567,Zigmanfreud
54380082,_ShannonStuart
99164128,MandalenaLewis
88961214,FastCompany
55231398,Sharriska
35640750,socialhuman10
36108085,chandan_fdb
62159269,Uniquecheema
91697463,DrMCaligari
64497696,AFaceforRadio_
77746415,prof_mirya
96294923,VOICESIN_ACTION
28836917,AroundOMedia
46074709,djbaby2009
71129401,KruntFrucker
78885719,SueLeugers
3359511,trouble_95
32216611,LexyMontana72
33701534,MJJForumUSA
85679594,NirmaljeetJ
39212005,Hammertonhal
80358041,anniekarni
21143276,sidnokes7
61215672,soundsoffpod
69861453,Lululov88274177
77481872,femininecollect
49417044,parwez1
96498564,lielaharoni
18293639,shethrowinshots
68340179,DianeBlackTN
90395400,JenniferRStorm
79809248,graceting
440094,sharonNYT
85575009,CatalystInc
246470,MADHANMOHANS4
27265866,MyNation_net
69125066,domesticworkers
71210926,SiobhanFTB
90360931,belohorec_joe
58701486,HoltStephenson
8625320,dbgrinberg
76778518,Holly4Hope
65116894,jdesmondharris
18555480,ava
12142098,rozzybox
78113946,danpat035
63441788,madorairene
38288710,devi_2
8587283,perryworldhouse
53899315,Empower_Women
93258231,kjlovelace1
44511658,DailyCaller
31151198,ProfTracyThomas
31079554,AWomansPlaceMN
21169464,MenWelfare
86425573,airheads2705
60662514,flynnsgirl
19747316,Jamestoupin
2290952,Philosopher_Jay
61259853,NPRGoatsandSoda
26353067,SCMSPedagogy
84189202,trixilynette
35664318,Angus2442
49389949,SayNO_UNiTE
90433339,Its_Maky_Bitch
70474819,jackmurphylive
60684095,JC4ever
58864876,SamanthaCorbin
38773152,RubyBayleyPratt
13480364,Harsh1904MJ
5550234,BilalThaniOruva
69614174,sandymridul
98040305,shaistaAziz
15870311,ChefSpencer68
47118883,tjc257
81669184,RuthHHopkins
97162385,AFLCIO
83265269,BiswasRanit
68974130,innocent_br
24773262,cheerful_2016
21647425,ShubhamRoySK
10441252,HilarieAshton
52899336,williamtincup
60286696,jonathan_ukc
61892859,laurenrajczak
82520206,EgSophie
37098654,jessewente
99120632,WILDAFAO
67566967,MujerySaludUru
75922144,sfqomhz
76708060,DukeLaw
73230281,farrahsafiakhan
39481873,DadDemocrat
23669245,ErikaOBar
35170033,TPLM_Officiel
58148865,J_PaiEspinosa
97458906,RepJoeKennedy
61464361,ugh_meh_ugh
134794,mayak215
65379426,rashidaldosari
1581751,sjferg1252
87073540,tcwittes
91020018,MuibnAb
72082335,GoodHumorGrl
91632112,FigliContesi
75486987,tee10202
77636351,gopi_rajen
25801550,lamommusic
80604597,NareshC26858420
8416647,KarthicK_SuTam
73540026,MichCorsilles
35119111,pakirah
41066038,thaislaguna
13595964,the_revealer
99000528,RichaChadha
32652951,RhiannonOrizaga
41768729,Franktmcveety
90497817,DrDavidBerger
78505263,apoorvenayyar
7288851,Opinder1Singh
8380030,Le_Figaro
56110467,TianaTheFirst
86231890,maelynn777
50208859,BurningBlogger
11637265,laurathatsme1
56058446,SuMoh7
32201967,5_News
6177980,audelorriaux
58452264,DRUDGE_REPORT
70155768,jnrxo
38361011,anitagregory100
58228913,Jennasm66663888
64430822,globelamp
43885262,ranjiths1998
10951211,Nityalakshmi
63569659,Wilma2020
60647669,stormagain
61166229,RNRTennessee
93005962,ArtonFurniture
5642476,ChadMeyer3
43796086,jillienp
85679387,AparolinCamilla
44357979,by_CKennedy
65004102,McLNeuro
47083722,Hubertez
57943079,mchermaraj
68012315,nyvetvote
46720172,Eyes2seeE
8361835,DeAnnaTLorraine
23928263,dig_history
2941381,MorningEdition
98236205,CiCiAdams_
78664404,PeterSweden7
67853866,yetohpeterhai
27643385,verumvalet
95135529,JaninaLarssen
84350983,finneyeric
32310652,Natalia79894069
20425655,isabelbellido
7464236,kirthijayakumar
84814003,indiacom
62191029,kellyblaus
33223295,heather42208450
98340383,HikerNC
68004481,calling12001
68382547,vdhiman_89
49100692,RLO26
49606948,GoldenTiger_MRA
61218277,mlkrook
16765549,smokefassad
66510845,trehan_barkha
26987973,annemariayritys
34845390,libertytarian
79719301,CrusaderMra
74497005,ladibalo
98642737,rameshlaus
27822384,stewardmagazine
31870300,PinksterC_87
42419860,ahura_mazda999
19764552,Alyssa_Milano
74159149,trumps2020
45526924,_marcearias_
50486787,WhiteRibbonScot
78798859,ruqaiya_h
29090670,LuxAlptraum
54265539,MaryDeMuth
71950826,MarkNaughton4
53561793,tariqnasheed
62691227,IWMF
97805514,littlenut90
39993118,AnandWrites
10629067,ReutersShowbiz
87820873,CBSSunday
57509525,feminicidio
84892320,annamae1905
47195764,PamelaHyden
52380117,rebirthjourney
90709839,swapnilwani123
60199803,Delafina777
22197156,totafarah
21909965,WMurphyLaw
56661842,TheAdvocateMag
79556603,SabrinaZrihen
85363555,Tuchdown26
16627314,VMeier50
54157763,Doh_Doh_Burrd
83405993,Effy_Panda
50034124,theomen3000
44926436,b77karan
613328,SecretsBedard
20422483,Depperpepper1
51565659,Nblackthorne
63337912,lawrence_wray
32489423,modambo
95897476,mistreslilith76
41887188,Amadii
67869209,MargaretKLewis
83364107,akraa_s
62445368,sathyam_bhaski
41252002,SURY1234
17834484,HayesBrown
14644441,ThisIsGwyneth
17420752,pinthecreep
77868985,inma_mr
39226896,ProfPadfield
30692428,RubnCoronado6
25740977,bandersdavidson
7539870,WomensMarchMN
5462476,PlanCanada
98394544,SmoovArt
82503848,Kandeaux_
35157317,FinancialTimes
59251109,MLSCLM4
28215611,WSWS_Updates
29221919,POTUSPress
67619451,MarciaBelsky
26000350,kagsuresh
34835009,James_Petitious
47617802,Black_Action
56729174,Keerthibilugali
39579460,alexan_gongora
56978184,SmartKehan
47796773,tubes12
41153496,wikileaks
8152867,hassana_maina
42404853,rajkshroff
93962012,XMom59
36670772,andizeisler
24616358,LeahLitman
95342285,RoshaundaDGreen
15002762,diva_barb
19368815,marianawinocur
15121476,ItsOnUs
49283356,UNWomenAust
99917885,ShirleyRinguet5
9088200,Satish70175875
40009251,Nayan_Addict
78940766,Grace_Durbin
72117597,jlheaden
92923013,RALIANCEOrg
95991840,wothadei
17877010,PiccolotheMoor
929188,Tyosoul3
44459700,virtus_et_honor
4277316,RunRunRunBTS
39968189,inclusivechurch
89507695,Gaohmee
36709807,book_tribe
15994342,KamalaHarris
14777179,ShadesOfKnife
59094512,EffieGib
64850877,JRodneyPage
74311497,TiaRayWilliams2
52074560,Liolove124
28984974,Jha__Pooja
34064051,BrownBearVK
47627804,EDreamsagain
23546350,NBCNews
74304883,CIimateBarbie
22609227,UN_CSW
60192806,larryelder
23799812,HuffPostIndia
39727199,Chinmayi
39381550,GGENYC
89706475,EloquentMyDear
55654887,tusharsharmaid
39586864,Mohit_Tandel35
46833666,Shinigamnii
58083331,MrsMJJ79
77232480,CreativeChaosHR
14475720,hkearl
33312159,thedcp1006
20007499,el_pais
65942493,BeezMarie
83058399,alliedforce40
61157057,mog7546
44500483,2WeeditOut
32379045,SexAbuseChat
96757524,OracleHCM
86976704,potstirrercast
53507547,funder
8212316,direct7_e
40150776,LPCollectiveLA
8703698,__jayant___
17474516,j_chingona
74984982,mbalter
99826277,Praisethebrave
3207492,LilUprising
81644396,AlinaMawad
82906256,MediaOracle
17062814,HakimTaylor
81095305,imransiddiquee
22337209,devdattab1
2454721,mijomojo1
71292189,migulios
95288339,girlnamedanne
9192786,ImmigracionNews
31794532,TheBlackChannel
33823190,Jimanekia
26174540,devduttmyth
14449766,ms_claraoswald
79114326,N7IRL
64130465,mayumi_fabrik
14303605,levana_z
68983027,HimanshuKap98
58364693,notthatamanda
41683487,TheUSASingers
55053041,ammar854
61870097,mrsluv78
5584557,VigneshShivN
39605370,VNarratives
6895995,TIME
54707788,margotroosevelt
47874634,Femmefeministe
46292963,dockaurG
73103803,MelissaSchuman
60967551,purplechrain
99114444,luciamelp
92484182,CecilBob1
3741052,KoonAndNBWkilla
95533465,ExAmish101
49867992,anne_tappe
82865101,trell_man
34224797,AccapiAmerica
45647987,AboveTheBurgh
53034572,MarkellBoyd2
50495211,DionPretorius
53414072,seriouspod
34252900,Tornangel1024
33683915,TomiLahren
80446961,depphead_
7474623,TheBrandonMorse
344452,truthandfiction
52338125,Commonswomequ
58066068,SebastianPott10
50972749,Shabnam_Mahi
83507949,JanRomes
7803612,unmaithamilan
75663273,Morr_1980
79714388,ERAUSANOW
32185473,patienceinbee
70240897,UCLA_Law
22878528,AlannaBennett
82455342,RutherfordRocks
94553933,sunny_in_MN
40324826,selly0512
69418996,onlxn
64333144,sandeep21031983
75420978,drumsnickent
21316000,shankarmore28
43768640,elsamariedsilva
88500086,SouthernHomo
563267,Saurabh_MLAgk
81776145,Otpor17
92272634,TruthAndJust1
6401671,RealDLHughley
56524165,HaridwarSanjeev
19465415,KatieMettner
62209274,varun18vijay
1676102,amey_arw
44196857,balajee_mdu
19496899,51ddh1
13273827,igautambiswas
40165791,BlackMediaWeb
44499652,mickyj0j0
67848183,SocialChangeAus
21582415,TennesseeWaster
66277622,Manomyst
43037891,BrookeHavlik
88607891,TIMECODEX
95144978,riotwomennn
66609227,crepeau
54153353,Violet48318863
88816670,accapi_medical
96922486,SandeepSamriya
69900465,Rafiyq
2537771,quindle
67069892,rugan_blue
66631091,philanthrowomen
14095364,sarahtk
53378308,SMGebru
94359703,lecoffeeaddict
41943676,jamesgjewell
52426396,ValuedConf
4930242,PhotoandGrime
3669659,dpb1881
60653175,ScarletMagdalen
64330052,thurberdog
5983275,Namixcx06
45162623,genososa
42266725,anylaurie16
81442990,BuzzFeedNews
85538292,nwlc
79501361,rebeccakreitzer
45938208,urgonnadiealone
43012987,MJJRepository
9949194,Immortan_Scott
7175750,ShadesofInjera
97190895,russ30327
81651203,JDsupportsystem
90243557,RealHannahCarl
95070322,123cazco
30913075,SpencerKarter
11401196,AyaFanselow
95888216,nz688
60053302,QueerXiChisme
50185930,feminismvibes
40777236,alexburnsNYT
35310977,OpenSociety
49249298,FMF_tw_official
45907461,winniemli
87805166,JulieScelfo
88075478,RakMehta9
72728478,Mahendr82835960
52226594,Oldandgray2
18805884,Planning203
45416250,SeeThatAgain
81033197,Munish38238895
996775,scottwongDC
2598964,oliviamunn
69292019,NSVRC
45112045,JenAshleyWright
88563079,danyshadowlady
6859926,NirwanaXIII
12279801,amie___jay
96809604,rmdemeester
37422707,korieUNFPA2
12973009,DelVeneto
1604328,isopixel
74696294,HayleyHarajuku
47545616,CutawaysPodcast
81004083,BaranskiFanclub
34719156,anlrBrad
44498069,InStyle
25321024,Arvindsfight
2326697,kylekirkup
48476642,ursula_stone
30097590,dud0666
39306352,TomoeGozen77
55636214,APEntertainment
15255950,MobilisationLab
96122075,ali
48920523,CASBSStanford
26033830,pkChinensis
98108692,TwoHundredStars
8470859,MichaelSkolnik
18199984,xsocialopen
47416441,CallOutStalking
79409268,syleisw
34605883,StillupUnderwea
88240692,holgermu
33055752,dog_betos
4492202,BillSchulz
83147961,coachhousebooks
74953343,i_womb
15120516,KimKriz1
65335779,SarahTitus0306
69046152,jrcrjdcr
26667745,AngelaBraden03
54147912,zachvandyke
61392223,PoliticalMemes5
49643695,TjpAbdul
9239462,kravitz_raymond
9596347,LTC_FOB
13457308,CChanneling
85862007,do_not_judgeme
43257272,ADOS_Reparation
67310320,Moseem15
17381933,amitpatelHR
62384794,whimsicalmind
30314205,GeorginaCLee
48510138,MiriamElder
26652379,globeandmail
61205425,anxi3tyffs
24038010,junefran
19277042,PaxNostrum
83469761,tmrasberry
31346162,Saphire_Blue_
19033017,igwemarious
11476871,AllisonKSommer
25788905,VampieMonster
71888706,Trmpsugly
92008708,Azodiac
8227373,morganbai
45262448,Muddysuit3
19428836,Scissorhands86
48804666,ShellenX
40464931,BrianWolfenden
2923658,syabuyamasibuya
15991896,Rameeshrms
8997176,realDennisLynch
75729527,nina14p
18014467,FarwaAkhlaq
25740037,Quote_Finders
53396924,delhi_kapil
44878598,MichaelYRMW
92295824,M_Lipshutz
19509834,paularcurtis
41265691,chrisyoumansjr
54197136,realkerrybyard
36274834,NYTNational
57366079,rebsee
37321859,TinB64271689
54145110,EsterAlucardia
39511747,2ndAmendmentX
38371232,mollymeebe
48798442,anamariabahiana
32704320,equalitynow
65161824,meenakandasamy
40953701,JoyPullmann
79633540,SonGoku56732638
55900879,wef
42549984,JohnnyIsStrong
72179470,TaePhoenix
42591005,HeidiStevens13
58890934,JenetAllDay
5819556,elisecterry
24140813,AlexSokoloff
39762458,dgelles
50786544,Diggi840
60734009,CynthiaWhalen7
80832753,KezWill9793
63649393,tomperriello
6845856,MaryM500
47364491,PortiaABoulger
86208999,Caramelicedtea
21521032,ZeldaGamer4Life
57560456,oni_keji
5160431,KeepitRealTea
41328808,darkmoonselina
2105215,yofriendmarcus
73276583,ForeignPolicy
66615564,Jolie_H15
71694960,Jenny_Darmody
85639636,BodhisattvaKat
25591293,PriChee
58298364,i24NEWS_EN
85760664,MenRightsAdv
58808516,artistkathryn
98716338,veronicalderon
26372106,jessphillips
12831072,France3Paris
36306187,vani_echelon
66828386,KUMARNIRAJ97081
19415687,FilmEssaying
58686485,vinayakumarvs
5117214,FallAgainMJ
80276954,jlandrith
65460140,Paolo_Pap_1
59356019,LeadingWPassion
521310,UltraViolet
42322430,metooedits
92474579,HarvardBiz
6481458,GuardianAus
26777403,rachelzane2001
23730023,redyuki117
87432494,cherrymischivus
48829426,abundantlyjoyfl
81997637,TommyTalksPa
34458265,cathylee2533
24806856,SpiderWebShow
28704311,franceculture
75509641,ncacensorship
15221397,gdcribbs
7902369,TVWatchtower
20346224,sangeet93414167
41314232,Sachin_Gh83
40677005,GraceRohlf
59145714,VozdeRaquel
89409160,marializardo
83621482,JudithBBoling
21711609,AmelieLBains
3243034,joslinschultz
42936281,sadiejemmett
11955557,MiamiHerald
41803425,watchkeep
6314605,dore_nytimesbus
49119829,ramgopal2812
51126759,gourav_jape
27026757,OurWatchAus
50764156,DarkenergyAdos
24011228,Gameof498A
49530166,damarishill
88546433,DebkantaGhosh16
17595417,redsteeze
21579416,bk_agrawal
77204384,amkwindsor
37845291,juliabhaber
61845035,PENamerican
60299242,ShadowbannedRep
41388279,billboard
29696191,AuthorKimberley
69504711,RealTashaDixon
90156565,VidyaKrishnan
26606224,LigayaLoyola
85693610,GretaHansen12
58877532,AD1MARCH
49859123,st0ph8tn
4135906,praesidentindjb
17412318,Cohen4AD29
33582043,ZachStafford
79515947,gbianchi00
7280213,IBJIYONGI
28569950,geoffrichards1
44632826,marte597
72829996,SalGood69
86800243,Mynation_Abhi
43564295,_TastefulInsult
85006125,faratmani69
7220875,emilylhauser
22717731,crushedtiggy
68724770,nonunadimeno
63828990,BISP2008
88651301,PennyRed
38085694,patriciasinglet
39477491,sherrymarts
67202540,cyallowitz
90626854,iammsaranya
78722511,ReynoldsInDC
2574673,moneycontrolcom
68457945,pcpritha
57995388,bae_gal
99895617,low2985
12302433,princss6
72936386,rahah_ghazali
24910488,DanielGarff
68532964,Law_Cult_Huma
30452374,shirleyalexis
2916169,RobMcCargow
83567709,Oteachjohn
43669966,SandraTXAS
61778515,sherilynfenn1
53335593,NJLahori
42546310,aishatyler
15088285,Doranimated
89989809,alovelyvibe
97498399,iansmadrig
79420293,Penn
94975403,Ellevest
18412187,CJames_Beck
81166408,desert_rosee3
24391405,BasavatheBull
88602755,DrMichelleF
56565349,mfaulkner43
1982229,Hardline_Stance
12989626,NoMoreElitists
37560704,vicki_freire
91566030,AgentsofIshq
73706213,HappyCloud83
17509641,ohmyshigupie
69975670,Klassic54
94400752,sosaysalicia
89538221,DillardVicki
36753539,chtucker18
97039311,Colorado4Bernie
87682098,sarahas_san
6156471,inpoco
44348595,NeverEverBernie
57923810,YMBIBI
19280041,MikeTokes
36669762,TheAffinityMag
65472141,fatymaz
76931466,SoStarMusic
43758908,Nebula63
84321640,lorenzo8300
69608165,CjsGoMarket
9506725,NMICnyc
70251070,MondayBlogs
46894281,FakhuusHashim
17963403,RomaoSan
49416347,byers_rodney
73417013,LeonBrandis
94514038,MouvementduNid
88784279,nytimesbusiness
29143887,AmiraYSalisu
12408228,j9wlz
61826439,Shea_Eqx
80944468,AngelicaDellaR3
12151785,rnlynn1958
38235592,PohareAmol1
36818576,BrianHerzog20
45192883,lolastorm31
87865259,PrajnashreeBha1
89278590,Laura722
64098641,maggie79222399
89039386,womensfunding
44539315,Mystery_Tomes
72144717,_Its_Raj
82884893,suhansidh
37205737,MenEngage
60338742,MANJULtoons
81134552,montswife16
61231053,ImHonestTho
82277105,shreyapilani
31839056,kapoors_s
72523480,LeavePubSchool
41463081,caitscozycorner
10649858,nytimes
75114131,Isabel_RunawayT
64196333,JaniceFiamengo
42628712,BaltFang
69370913,newrepublic
71225179,Headlines4You
13496249,MayaMargit
41420011,kthyung13
22437874,LMKMovieManiac
6923531,LMitchchell
27978520,bhaskar_vats
1100123,UncrcU
15940879,mukeshrai881
68626587,laridor1
25331160,walt_s
77075734,PixelProject
8792986,themyscira_blog
17392847,janice_tylock
34159135,KarlHolton
74063482,DrMeaganTyler
25352077,kapildhama
31138748,blueeyesgypsy2
97645251,NitinSaini1411
31822395,MakeMemphis
16553697,knowthelineSY
31938042,MarkoSilberhand
73419737,vulture
27123287,WomenOccupyHwd
7028136,AASAsianStudies
39945124,AHistoryHunter
71459615,B_Lambert75
30828670,AFP
89358616,BabyRobotMedia
19296495,AbubakarFika1
85530495,Jd30889613
74048031,mywritersnook
79802196,debrafig
62310732,survivepunish
16675401,ikran
73683986,ItsMamaCarol
81800570,washingtonpost
2438458,guardian
5515679,FriehaAltaf
50338466,JitendraBajaj2
34299070,Y_I_S_C
10609373,DisVisibility
94485819,AnonOpinion2
9214582,sharmilagharpur
28026166,cBeyondObvious
21019619,CongolesePeace
90942490,echoes120
62080725,__Rhan
79253386,LGBTQMexClub
93430191,balamur32767895
60679587,polina_d
54954238,Harpers
97898629,drbrowncares
87551508,OurRevolutionVC
13291636,SenFeinstein
90654538,FC_actu
89460620,Mafademafade
98337684,LakSMani
9222916,apjzpty
45734118,MichaelGLFlood
53884327,jetoffset
55459642,fqdayib
18796002,realZacCorrigan
5153506,drboycewatkins1
74043335,renu_18
62043373,aftk89
26302876,IndiaMeToo
99309472,CHIANTI71
99275589,blackcuda1
6207054,marie_skou
13273,YASHK1989
65688175,sarahljaffe
49028604,RaquelWillis_
66038813,VanityFair
12330843,rissmontrone
23201713,TODAYshow
18516544,phumzileunwomen
11597398,paul_denton
72925615,LREwoke
10580962,jgionova
19935161,LeelaAddams
34570970,susanrooke777
46037781,TheWitc92807663
82455934,ebizarch
12967075,MRGLASS75
44200586,AnTioneThaDon
91455313,ChristinaLaffin
23918990,anitaharrison61
39097274,Martin_Sellner
95355134,learning2dad
38778634,CATWIntl
34338553,lbweaver
14023548,violaproject
19934461,Ra_Bies
96941836,FeministGriote
72731709,MeganWrappe
8967965,willam_bodden
98161119,cheonannoonhwa
49219164,_keyofp
20983883,Pasqual67212823
39300421,Dog65391910
80981888,Hannah_Bows
49332637,sharusays
13167671,eclectetsy
19912370,DrSenait
63737906,JasonLauritsen
44631307,k8bischHRLaw
21739649,Bollyhungama
1893168,DaShanneStokes
47652066,ThomasMichael71
68789085,hannahfun1
18913828,UdayMra
36591889,Theunabashed1
52680142,Renison007
9084999,mejacos
12342011,EDC1Creations
36006222,CPTSDRecovery
29467702,tamerra_nikol
68713499,FT
49614784,mollyfprince
99630562,shineonfreddie
79364235,TonyaGJPrince
22811501,Frodo60
41919688,WiddopC
20630993,itfansofdepp
14472814,JessicaRuano
51484749,smp0312
70800600,raincienfuegos
7919360,DrTiaCMTyree
78823770,MitoMusic8
51096835,Ariana_Tobin
66363641,kevbizmanwalker
27435853,Jamal43295747
4590005,yobemetoo
43410047,Elektra_2018
14809333,WanderinFLICKER
79068119,Bevfriesen1
74772248,ThePeoplesCube
24806856,utaipia
58762560,SecularJihadist
52998147,sunandavashisht
37495513,URNothingG1826
88316937,jamilahking
490100,a20nitin
40324332,timesofindia
34609876,VashiMant
53480640,Liv_ing_
79919478,AnnFehilly
70937311,Picevol
35844924,JennInTheHouse
50228477,evrkrk
94965121,bcoutilien
95026042,IreneWoodbury
68219192,kenvogel
34008451,keithboykin
89750836,sylvia_fnl
34115977,braingarbage
68192184,SyedRasheedAsh1
24719649,WomenaHollywood
63177544,ivandnunez
39616118,deplorabledoone
22042746,nitecrawler1867
37227546,Weirdo981
30158258,JohnnyDee62
79596369,ryanmauro
97154015,MrCamblore
30628342,BeaconPressBks
9387919,Lord_Zacc
30613987,trendencias
23915872,SpeakTruth911
65851137,FACTvsIGNORANCE
64800973,UNreal_Donald_T
65581235,struggle4_truth
77395552,42tribez
67027080,monachollet
1820227,ReasonBound
11377527,sam_yahiaoui
1324469,HowardU
59220028,georgegalloway
7131802,lak_009
66955610,joncoopertweets
17559286,delta2768
16937295,kcwalker71
49355738,MetalRiot
53642340,Nayanism_swetha
31723133,MoistureVapor8r
82338572,manny_ottawa
36852913,AnnabellSciorra
20974474,biy2c
18518217,Promundo_US
67083603,samuel_dcosta
76619680,EnnuiKeaton
16191580,moworldwide
7669939,visualfumble
67354151,ToastFundraiser
53528201,truthsearch1957
83489878,jcbowman
76101085,nowthisnews
7583772,pkanthi
12872339,brispaceship
98203890,Anthonydesusa
85832483,SharonneHayes
87993107,MagdalenaProust
76408872,wesley_jordan
2135162,juliaeumei
43395385,bles2020
83595207,GayPatriot
6676802,EvanTraylor
73969351,emilyjodell
21082238,Mynation13
98196544,mwas_2
72747857,publichumanist
45717989,Texasexpatriate
89940910,LiliBernard
25248100,thatdoggonelady
99518952,AndyOwens85
72737870,benshapiro
19089295,alissamarie
9107240,sabinmarketing
45837208,beta_bachao
24774973,WgarNews
7048522,KiaSpeaks
99072012,WALKYRIE1989
10827805,Alex_Orue
35028977,robcaz
7646727,DOLLAONE
21537202,cnnbrk
36856280,wefitu12
68733883,Steve73058868
58232435,AsteadWesley
60706683,gopal_009
64910493,nayantharaTeam
24070295,Charger0843Rion
17552748,ctxt_es
26876173,leylaxvx
60107034,heatheroverhere
10395102,itssachintyagi
91216674,Kiranmalusare
1625413,ma_azucenaG
55051185,EMPeet
15896377,jgmacleodauthor
53802647,TheNanaRage
70200222,RitaAngels2
31056902,TheWomensWatch
58626084,LyndsiLambert
21761740,Unveiled_Crooks
17037383,ElginCharles
31097864,OnAMissionAlex
41671098,Simone_Biles
17942795,cbcradioq
9848995,Migotka_90
96585798,Lusulpher1
1479615,_deedsnotwords
65722254,GeoSoFly
39973252,jim_yackel
38148464,yourdiversity
922824,ExoWanderer
13635546,CharlotteeRoden
20349848,johanna_folk
75481577,EmilyLindin
3254405,miartistdc
4248563,MJBlaueBlume
8808553,DeepakS25697991
12661198,HipHopMarijuana
70366827,ODzusa
1886441,ForeverOnke
52548622,JamesAd63835569
216400,justdeplorible
95907028,chillin662
93594832,mrssamgordon
342108,hightower123155
87870947,BYWSKULL
82893996,MS_Waltner
4382310,shriramyadav88
15656352,AChariffou
53454565,CapitolRomance
23715082,obuliganesh
81009318,melaniejoly
89110015,thebarMagazine
96577731,hugomartin
53134238,depplings
74095614,mra_deep
44250680,schemaly
38008595,daibyday
33921727,Injustice_498a
83055669,Sathish_twtz
9091422,mptvideos
45565344,JohnFriends4
79974876,ChrisStigall
72302640,aprilhardy01
53398586,HiCaliberLilGal
50896768,fanniesroom
11154956,time4MAN
39149654,MunnaJazzbaati
68098119,mra_arghospeak
509112,LauraBockov
5476137,AngieLauritsen
2240995,lalisaluv
17656536,HotSausage00
49700961,TomNamako
84895689,batssiki
82015838,MehekF
85417071,lamalpagada2
29955057,ElSaltoDiario
14982130,nuDocES
23684953,SFdirewolf
41683089,ineedtheeggs
44967521,Cdn_Eliana
78517433,Pat_McDermott
3036525,FanboyGallery
70878686,NayantharaLive
24980260,spdde
31751591,amandasxi
19879369,IakoubiY
54523458,BL7RM986
60634581,_imperialpurple
10163569,mkmkrs
35738285,lottelydia
73892273,DewsNewz
33681741,raju
15602377,taxi_Tomasa
24598392,itsmarymi
7289554,highjournals
90467043,onikammathers
84360501,JdeppLove
7548150,AnimaAnandkumar
41098894,BVilivusonline
60789704,Sandy_English
71085195,UTF8Bowlerama
53932684,DignifiedRepose
41256039,_FoggyDew
92405757,sarahmseltzer
43898210,manuelaiordach1
31182399,MirandaBautist8
43670809,kellyhaines713
7016228,Breanna_clark01
42695363,followsanjeev
47860624,AltFawn
61434326,4ngery
96600629,kristenharcourt
3264950,kennwadiogbu
42740943,wongn
13412599,PennSAS
73921370,RajeevSrinivasa
40296628,praventri
52399945,DaveEverlasting
2304498,Reuters
53493374,MooPersists
97309031,ProgressiveTEs
20904738,7tae_sk
64634750,NicoleTricia2
12376678,ADVANCEGeo
49522834,realgrace_kelly
293899,Its_The_Baron
18582568,4theseance4
13602763,CHIZMAGA
55431500,achuck10
31138716,elegantcoretta
52896642,Aman12300021
90870247,5spaces
7583109,mobstersmokes
24597318,NewsCentralTV
66026903,ResistRCostello
26532213,ToomeyMemes
99991538,PhallyScott
4830061,KKTreseder
48958980,micheleweldon
20485953,wisdomtwosee
93623324,NivviNila
487950,MinouChrystayl
20992520,kate_germano
29876956,MraPsychic
89495019,trccmwar
25097673,anikamashru
2629374,littleshasta
25113299,Sym0s
41558693,smartasafox
72523926,music4life_____
75449910,APriyadarsan
1069080,Ota2049fcp
35877519,BerniceKing
95317705,finehats1
59909494,MynationShanu
17487924,cerebralc0dex
73042185,KucheliD
45073408,s_Bass2
93399707,shivshas
61620614,Kc_indep_lady
95794546,GillesHerard
44881144,FlourishChukwur
15776235,ArnazHathiram
4224365,HRwhale
81456598,lashonp
49287296,Voodie2
98130302,Manisha_Ahlawat
71166517,aristote088
8688520,saloniyamona
17053342,EW
15710005,AdamRBeauchamp
15934575,Cocagne_sweet
64292688,drtcp
32436427,LoriHandrahan2
74856148,chelsey_rhodes
66184021,JanetWarmwind
82491817,PatBlanchfield
12750493,sfclem
85342726,sfpelosi
18902421,Sword_YiLong
24879565,CristinaGamboa5
92630813,MJJJusticePrjct
42682171,HemantP57063386
14013869,ASteiner
61042046,StormResist
56721084,FutureVictm498A
71562987,Rahaki1
71029956,the_daily_panda
83802440,VSwaminathan2
77430892,LaurelsCouture
32935031,a_h_t_r
41852169,masuruha2
67845082,domenicahope
54246393,terciopelo
93366305,EvviieS
72366853,michaelbeatty3
9620097,guardianfilm
25099079,BillieJeanKing
80049,C_Rich75
30459676,saviour_era
72653545,sectest9
6376295,esquire
74524596,kelsey_caine
14447645,IamMayaSharma
41862094,Allblackmedia
3074689,Jasmyne
37498570,mariekirschen
89586097,ninafunnell
38414611,laurenduca
61085536,8TruthPrevails8
71760376,wisehussein
33434316,JossethHenry
18609440,JeremyRobards7
26842704,hobsonshelley
70620138,exultantdreamer
22056994,IRINA70619031
97498501,NikkivanderGaag
95241589,vegan_mum
30547738,sarah310
83164521,THR
96788640,GisellePortenie
52070123,jennyrogersDC
97542189,RattusDaddus
57969163,SciSwany
77378678,whatzen
28411229,kingRayle
84214946,bekahdaoust
60827469,viikassood
85944857,CaliforniaLabor
19408718,CCabelloCol
34128857,IanHowardMann
18303795,hiiiaudrey
21160653,TheSteveKon
68721969,MiraSorvino
66326885,jcpenni7maga
40049809,Andreaevansprod
25699946,TheNamesQ
78585257,MarthaPerezBook
13348379,bau_sheep
8386850,NatlCrittenton
77792424,AngryVoters
20967931,tspiggle
13994107,VABVOX
37571938,ManOfTales
12067584,TheEconomist
20745791,ETPanache
77056182,astanley711
22939852,pzmyers
37441152,FelicityDisco
69687148,xks2012
25266481,Rodmitc77185448
13164817,inquisitiveGyn
80683184,amandapalmer
36561568,olgauq
92514718,varusarath
68874817,itnoydfilm
69990918,equalitygroupgl
87012940,Frauenrat
65985091,katekelton
59668417,MerCleodora
55520105,LaReinadeDePass
76626421,Pkverma22
23046216,olderbrother21
56371622,indigenoussista
97199358,JasontheScott
56161887,HannesHanath
60816439,WDaveDick
73720038,Sherin_Lodgen
43141888,Purna_UNW
12654602,hisumit07
94401983,palbro69
68428067,sudhirpandey00
65213552,chimni_sapna
17799209,quitenonplussed
13785959,electroboyusa
81741806,jacq_hunt
57043871,Missy_dee811
67670413,nikkban
52313887,TaajMalik777
60446272,walegates
85934268,teddyandwanda
78955753,sridevisreedhar
91011681,DsOchoa
29267274,BlazeTheBean
43973229,NPR
20430139,IntFilmCritique
47767042,crooksandliars
53484076,vivekvashist201
89598779,margwarett
8438125,GregBJenkins
66081638,Shahzebalvi4
75552517,AntheRhodes
10112044,deekshabhushan
43232737,MaryLSchmidt
96596877,actlightning
75196295,KHJ_Ru_Channel
70424975,jwbussmann
42196428,Varunfan97
35242547,fedagentmark
79490334,NYCJulieNYC
83841832,AllHeartJU
59396342,TropicsM
52397645,jcstaff_
5373856,metooethiopia
20411063,ToTheContrary
98899115,ChennaiTimesTOI
21872435,DuaneMorrisLLP
95602556,_Khilji_
86773401,ProfTags
14489390,WomenInFilm
89547591,hirr4
14551639,TheAmitLakhani
22893216,TheJHF
70148212,ksplanet
35466522,maxichix
19491271,Reema_12x2
78275543,jesslneil
65992026,FrankLittlejo15
94269335,agniveerashish
55036661,JoeConchaTV
64718279,ElaineM00
11229638,CidxLucy
10925541,unwomeneca
93037376,womenite
15972792,MoiraDonegan
12711275,Judith_Char
21199047,DineshDSouza
78707509,JanelleWeissman
3295917,MadamPrez47
3210462,Heidi__Matthews
79589707,gimenezbarbat
38928361,meanchi0421
29897736,SaiShyamManohar
79382141,debsomewhere
65865138,yshabazz
89973818,AutumnOnVenus
75893901,k80way
86218114,sherisse_cox
35985346,AsifChoudhary_
37918961,bsimmons277
1160370,PoppinEmpire
81667829,Lydia130613
9945162,_ShaunDougherty
40487974,hrn_friends_eng
85091635,Arightside
82527882,DeadlineDominic
49997514,blaccnificient1
99483670,Patricia070368
80970543,old_hillary
5216180,drtpayz
47625150,cigar150
26873100,WBUR
84587021,AlanDersh
49115038,AmandaKwasibor1
14393232,msGSXR
44491136,linda_malat
79952000,jbhandle4u
1405200,hyprvyzr
13674218,SoKneeOh
97945879,NaplesRocks
6273385,dineshARRfan
8330773,NYWomensFdn
23175988,SwarajyaMag
76816752,raya_hensler
63127605,Suntimes
10666529,KateMaltby
68216113,MJL216
65905331,LuiseMalloy
34084748,abhishek_mra
49675832,stylishsatirist
61710923,SarahAnnMasse
78166627,ghazalehmuradi
39645119,NARAL
43643990,traversjul
7703950,ballweg_matt
13133613,feinberg_linda
49773711,MSophia4
86794136,PiaMicallef
60519955,beautifulnerdme
33295329,CHSommers
15646473,MeghnaPant
78796108,eleni_schirmer
1004696,ArtyMarika
35919562,MukeshBhatedia
32489882,ianfjames
67280471,artofbella
17833766,Twinkletoeslol1
25595965,HReinbeck
56333932,tedlindsay66
45305600,danaksegal
93756900,3_do_ne_F4F
38802231,WajahatAli
86267714,mandyvandeven
5890380,NorahODonnell
32816599,Denise04359537
9140182,howardlake
24150624,Silvani1405
3969636,Changeboard
37973275,n_Horizons
69022320,OurVerity
85184879,mediapython
75701622,tyffsaysWHOA
29531544,BigChi3fDanny
27901964,jodiejoswfc
70563025,bouncermom
96969563,Ramakants44
55949073,NoVoFoundation
73595134,gabriellaQatar
3878147,MeTooEP
44290916,angels_xr
83221304,realwesleywess
90866490,StacyVillalobos
71257091,RBG_4LIFE
45282580,CarolJenkins
38454561,ChrisSteppin
31235239,ManpowerGroupUK
60364560,mcwilsonky
45682589,Ice131Queen
47436635,Crone4life
31082444,DavidH692
46526699,KTLA
64772727,auntievio
47873775,lilaabbyy
87129992,dowbitch
9515916,serenseok
2980232,ThackDesign
73757742,TwittThis78
70961586,liilliiD
24077550,camanpour
31355737,Kumaras19304591
81202608,sbuchbinder
84623525,Hasel_Marija
44261180,JoonPearlLondon
1026841,KdL1337
39406266,SohiniBee
78816204,nicole_schoen
83881559,256bars
26073043,kartihk848
18956399,Lgbtally4
83344118,harassment_free
59874259,aegluck2
13852594,meg_Y12
72898963,annavetticad
41304299,cynthiamckinney
85458668,TaureanReign
47520522,varung123
97106266,nareshnaik091
47890227,achinth
81851038,K4RJC
28262822,IWriteAllDay_
78127355,tralalalumbum
34415257,irishgalartist
69025752,SheilaKatz1
28380247,Smilek87479095
89842848,AFPceleb
57235422,Mayerk76499555
29836168,SammohanB
53368243,JuliaBerkowitz1
21914721,TIMESUPNOW
54660041,IfJ_Justice
11229443,nestruck
51589002,ChristineMilne
10593766,TheDailyShow
42314346,Valkyri98134550
51778721,cheeryrosie
15382830,tjsaggu
12036144,ERAMinnesota
60096246,reinadecapitada
11613222,AhmAsmiYodha
4741647,ramzpaul
246824,male_too
63221825,couz001
70200633,rajutiwary85
84642433,mosayac
48976151,ProfKRichardson
39187116,akbarjenkins
86787881,KazukoIto_Law
43372485,GiovannaCampi3
34172837,rebeccamakkai
99815894,drkskinwhiteman
26346626,TheBlueAngel87
82822077,roxi_scott
95417389,BossChickRAINE
70261721,chris__kaiser
33125835,kramdas
68416415,AlisonsDeppArmy
67277306,LisaDMeyer
33465000,RethinkingEve
35376047,trinadanette25
96382368,AryaResists
28081977,_juliaschramm
21476275,rhaps0dyinblue
44172397,brookshansen247
39434829,HonestOpinionM1
96684111,taylor_jessie
98101829,edbreakdotcom
24363402,MeTooMVMT
42742200,scroll_in
97426942,ZainabSalbi
45111496,JDeppS_girl
22497957,WBooneHedgepeth
64915146,AuthorMichael57
99543225,parambeer
86298302,MyGrindelwald
12908472,barecat35
23280636,Staunchest
3487782,satyan_weshi
41250178,urvashigandhi
18783091,bacacov
63765011,dsa_roseline
23063914,JustinHolcomb
64340455,Koffeinfusion
50648393,mdebruyn4
15944708,sarahforpdx
24914821,almostjingo
53726074,VikramArora20
59593209,w2ting
13868640,Trumptrooper2
30114165,Jamaicadaw
86532385,timeagalx
43589230,Ranjani_offl
28118616,MS86910181
37048380,gabrielawiener
70986556,taleeuhh
57032501,Koimoi
81552058,NewYorker
49726859,TakedownMRAs
55762359,vicky_mx16
11767966,DiCoach
76366749,DindayalAgrawal
78675178,AbleToMeditate
42917618,skybluelove119
64425994,voteleela
22807603,Gaurav_gwl
63376549,nml423
14246537,Al59redux
38536176,AAPolicyForum
53871943,Poynter
74137536,StopStHarassmnt
75632285,BreeNewsome
35644872,5K4R
71007398,stopbyrd
71432012,Rajanik58915087
93322196,TheRealDWoo
14271956,iam_nosferatu
99764755,snowflakes_0210
41202492,yuya23253128
94340449,metoozoo
71712043,RaniaKhalek
29933042,Blavity
70176535,MorganYwain
14184597,Kate_Jenkins_
99909215,hsqqu
89074082,juliaschmeelk10
5335095,Ishikawa_Sachi
76648810,an10ANTON
45917939,AllCapsKristi
18753826,itskisos
15101714,PageSix
52285188,ETCanada
76044537,adituzita
25113167,GuyExcited
89531886,SojournerChris
75414433,LPerrins
48498630,kulturzeit
66677097,_ItsToni_
23639240,HerWarHammer
83644704,Homobyte
7310566,SzymoniakBecca
95636858,CC_Louberry
59450745,DEADLINE
95765034,JackieOniceass
23687239,readtiafanning
35694981,RachelintheOC
31809212,MyBlingRoom
23832077,kaydian219
70947459,pdacosta
92053500,poeticabeauvoir
52627890,_napturality
55428127,Maryswartz6
68233965,catosnursery
86628397,DeppWeLove
6959729,EducatedNegro_
97121534,JogeshChawla72
21793663,cartogeek
25794878,UN_Women
89151711,VincentMette
26467170,SoomitaKar
88027971,edifish
99625506,globalcompact
62884213,dreskim
82939633,HeatherEHeying
40316232,PatriotTrump37
9166630,kemba722
54223426,hgraho
31840933,SandiMPatriot
37355733,FrankBl74877457
16244894,Thamaraipenne
9663742,carolyn24551426
196324,dbongino
33485627,seb013700
72373847,parthasa
85278640,MsSunnySideUp1
49702625,BebeeEmbassy
36904441,firstpost
92678077,jennargibson
50245601,ISeeTheRoses
47813994,ThePoeNevermore
19001188,jo12jo12
14585150,YMBBastepaway
91587638,NWikis
95778054,igallupd
47399658,cindygallop
4574317,mrcrom1
71665720,zoewhittall
31864151,the_intonator
49400850,ZellnerCrimeLaw
51378765,gil4cosd9
3721808,ATLFENIX
17852225,TheMarkPantano
18346203,rosannecash
97112629,MsBlakeTaylor
60128924,EllenBarkin
77231804,narcissistabus1
76000084,ceeller
75350042,ellencaldwell
59651877,EriPorris
53912617,LoverConstance
6252339,michaelstrashh
50065845,annie08774
46664656,Lhomme2018
57972593,Stephanie220684
44656240,GrassrootsDNC
73329277,MiddleClazzMom
28344085,FarBeyondFilm
45028424,NewsHour
22567149,KimStrassel
55458627,WePreventNow
58221725,JanaLesemotte
53972965,NewsfromNihon
39237277,DebbieAAldrich
87135219,amamaknox
27502627,AuntGaby
27066481,AdrienneLaw
8078650,BiruMynation
38072641,bhagwaranghind
3839148,crwriter1
78221577,Exthepoet
82168740,ltapoll
72374370,Krishandasghaso
21192848,noconversion
11375274,PaulMiller1313
13883827,Rajvenkat555
70307188,rkgambleatwp
56742651,whatsherhandle
73556233,Roxann_Minerals
91110483,anjuchoudhary6
53101272,RT_follo4follo
2116328,monaeltahawy
9144083,AnnOlivarius
66243625,rtraister
69197166,BlueX26_
56610896,LzyPharmacist
35666156,tycely
80341177,LincolnsBible
5714731,ThinkCREA
9680146,Doodisgirl
62596632,Sickular_Indian
22255783,AddieR1529
29465161,toniwriter
30563452,Marckymarc40
76122223,pennsymolly
43298631,DrEtiquette
24324066,DeepikaBhardwaj
60746837,Madamefigaro
81835731,PRHAudio
89344139,Kylie_Walker1
5519570,OctoberCoast
88016427,Dargon74
85960183,Kgg7023
12320210,KelseyT72077739
10172977,YMO002019
53195785,BarbaraRother1
60843673,Exile19941
54165979,sandygrains
64874162,rangakush
33788779,TinaTinde
30423618,EntheosShines
90458439,Nell_Edde
69718878,RitaCosby
36971564,mjmullady
73438584,Mythosme
60705670,WilmaBDrop12
87823950,2blondesmedia
83450716,2015Intergrity
56284905,kimmyifuplease
20471779,girlygirlsguide
35014469,hasija_sameer
78527190,kamaalrkhan
848133,AfroKing84
79916153,rydetheboogie
18553565,CassandrellaEh
55112244,IamAnnaShetty
97619140,airwaving
72411458,BrianSwiftie13
66050196,ESMiller59
71464146,GROIDS2235
5256205,thegoodfight
68834491,aravindhram
3865176,MPCelina
43004808,JoePlenzler
35092033,durgeshchaware
52180990,Car01am
16926222,JohnRankin13
5661213,jamisondcollins
69097066,Xcel_101
74838280,deppic_
80935025,vicky231906
48522860,Melissa31920880
819665,AnooBhu
22640619,FirstThemFirst
47810824,acdcjoanie
62391870,VegetaSolo1
49495876,mcahalane
51490141,dinakarmarella
40855747,kritimakhija
34356996,hiltonfound
3269605,cryingaugurey
80589617,NouriNv
26867341,Milenamnam
58197994,LizzyLaurie
18749776,For2dami
75925840,DinidelMar1
14625564,Mione48
92066770,bbvasishthagma1
15282821,jones_akemi
73791520,astorp2
21248692,GULSHANYADAV7
56515021,GhomeshiEffect
66715896,jenniferrjadee
83890446,Alexia_Fafara
33010710,Emolclause
12663902,EVAWuk
4166227,maxabelson
96552237,4WomenWorldwide
20381071,jaakash2004
20232496,gauravtwr001
89699416,DhingraSanya
65711079,madblack65
15849569,sdbcraig
74492093,V_I_S____
91692716,The_OSB
1208350,dandelioninit
52278974,the_moviebob
69672062,wandermarty
24674935,mariahjjada
73722584,arowakspirit
28454765,crippledscholar
25228788,DrReneeObey
53838471,susheelkat
24736937,JustJen2015
16238318,OnCall4ON
36447886,MJeternally777
48985192,TifoPodcast
35345343,ale140
53087240,5thAmendment4
59182739,ggbrokensilence
50303844,DivaOfTheDamned
95902420,Amusedrice
77813753,JamieGump
15353912,AngelaC64544138
79219541,Mr_Mokgoroane
40115718,lesterross89
89381544,thebling_vote
13584432,LoriAnneThomps2
85274643,Imsupergirl11
99778408,Jali_Cat
74025836,Marjala2
44325515,jhamby
81741925,lovgill
73494415,Michal65172907
36229552,luthien_seregon
36716787,byHeatherLong
47538614,IntelligentCan2
45303219,skirt_Akarikko
49651113,halfthesky49
58417407,KaranPa73557055
12168984,llindalu
93190259,Sidbee17
39958382,mynation_F4JSTC
71549075,BumbaclotM
93055223,FaamirAA2
91148590,FullFrontalSamB
30661196,krsratan
29154242,MelissaOrtega16
35831046,BoHeMoNd_2
21561590,appleseed120
56009054,artfullyarti
83769144,latimes
30896234,Bek_the_wreck
62478455,mildredmud
53159068,DebraKatzKMB
27017434,michaelxmedrano
37342608,ClaudiaLizaTV
31567919,UNITEHERE26
59533749,_chubia
22947403,InsaafNGO
66422163,Bfolly
13362787,tizzywoman
98042171,MarshaPatriot
19501279,DrUmarJohnson
91519769,angelaritaiolli
12478273,Twitlertwit
87468129,ZyshonneBravo
22386838,maryestorm
24171523,AGlimpsofHeaven
60236189,Yrneh4u
64532837,nathwinchester7
58879441,thehuntinground
53831914,Wild_Sarah
87462931,ketakirituraj
73460459,kyletblaine
13886055,kevin_la44
26976856,socialgoodstuff
70561506,mommyfresh75
78183888,bobs_eric
283611,RASASC_London
20766236,TheFabulousRee
87679989,juangvaldezjr1
73840845,pinkvilla
14198600,RVilkomerson
